{
  "xgb_classifier": {
    "elo_prob": 0.16050148010253906,
    "elo_diff": 0.14833545684814453,
    "home_elo": 0.04577474296092987,
    "away_elo": 0.0434228852391243,
    "home_avg_margin_5": 0.04036989063024521,
    "away_form_5": 0.039427272975444794,
    "h2h_avg_margin_5": 0.03932195156812668,
    "home_streak": 0.03862868621945381,
    "home_form_10": 0.038144487887620926,
    "away_avg_score_5": 0.036427680402994156,
    "round_number": 0.03614237159490585,
    "away_avg_margin_5": 0.03607116639614105,
    "home_avg_conceded_5": 0.035591740161180496,
    "away_avg_conceded_5": 0.035090070217847824,
    "away_streak": 0.034372977912425995,
    "away_form_10": 0.0333259180188179,
    "away_venue_win_rate": 0.033220190554857254,
    "home_avg_score_5": 0.03309692442417145,
    "home_venue_win_rate": 0.03226206451654434,
    "h2h_home_wins_5": 0.031254272907972336,
    "home_form_5": 0.029217809438705444
  },
  "lgbm_classifier": {
    "h2h_avg_margin_5": 76.0,
    "elo_diff": 70.0,
    "home_avg_score_5": 45.0,
    "home_avg_margin_5": 41.0,
    "away_avg_margin_5": 37.0,
    "home_elo": 35.0,
    "round_number": 33.0,
    "away_avg_score_5": 29.0,
    "home_streak": 29.0,
    "home_venue_win_rate": 29.0,
    "home_avg_conceded_5": 28.0,
    "away_elo": 27.0,
    "away_avg_conceded_5": 25.0,
    "elo_prob": 24.0,
    "away_venue_win_rate": 23.0,
    "home_form_10": 18.0,
    "away_form_5": 11.0,
    "h2h_home_wins_5": 10.0,
    "away_streak": 7.0,
    "home_form_5": 5.0,
    "away_form_10": 1.0
  },
  "xgb_regressor": {
    "elo_diff": 0.22261038422584534,
    "elo_prob": 0.10172228515148163,
    "home_avg_margin_5": 0.09137292206287384,
    "away_avg_margin_5": 0.05596626549959183,
    "away_elo": 0.04220860078930855,
    "away_avg_conceded_5": 0.03988945111632347,
    "home_form_10": 0.03916246071457863,
    "away_venue_win_rate": 0.03758099302649498,
    "h2h_home_wins_5": 0.03625389188528061,
    "away_streak": 0.0357939749956131,
    "home_form_5": 0.0332244448363781,
    "round_number": 0.03263765573501587,
    "h2h_avg_margin_5": 0.031535688787698746,
    "home_avg_score_5": 0.030910372734069824,
    "home_avg_conceded_5": 0.030599622055888176,
    "home_venue_win_rate": 0.026330670341849327,
    "away_form_5": 0.025036703795194626,
    "home_elo": 0.02486739307641983,
    "home_streak": 0.022010261192917824,
    "away_avg_score_5": 0.020904144272208214,
    "away_form_10": 0.019381817430257797
  }
}