{
  "xgb_classifier": {
    "accuracy": 0.6473551637279596,
    "precision": 0.6796536796536796,
    "recall": 0.7040358744394619,
    "f1": 0.6916299559471366,
    "log_loss": 0.6000375231729344,
    "brier_score": 0.20998802781105042
  },
  "lgbm_classifier": {
    "accuracy": 0.6523929471032746,
    "precision": 0.6824034334763949,
    "recall": 0.7130044843049327,
    "f1": 0.6973684210526315,
    "log_loss": 0.5772903851739737,
    "brier_score": 0.19943495546582293
  },
  "ensemble_raw": {
    "accuracy": 0.6574307304785895,
    "precision": 0.6899563318777293,
    "recall": 0.7085201793721974,
    "f1": 0.6991150442477876,
    "log_loss": 0.5851881770730355,
    "brier_score": 0.20333705383067038
  },
  "ensemble_calibrated": {
    "accuracy": 0.6498740554156172,
    "precision": 0.668,
    "recall": 0.7488789237668162,
    "f1": 0.7061310782241015,
    "log_loss": 0.6018457396688347,
    "brier_score": 0.20777786821528132
  },
  "calibration_curve": {
    "fraction_of_positives": [
      0.1111111111111111,
      0.3018867924528302,
      0.5,
      0.5116279069767442,
      0.575,
      0.9090909090909091,
      1.0
    ],
    "mean_predicted_value": [
      0.26987268476440657,
      0.3495288568513531,
      0.4515666586529009,
      0.5480718424179809,
      0.6480502556533696,
      0.749471632674066,
      0.8031042629250786
    ]
  },
  "xgb_regressor": {
    "mae": 27.684415817260742
  }
}